Date,Region,Product,Price,Quantity Sold,Sales
2023-01-01,East,Product A,82.05,6,492.29999999999995
2023-01-02,West,Product A,28.01,17,476.17
2023-01-03,North,Product A,25.07,14,350.98
2023-01-04,East,Product E,19.41,17,329.97
2023-01-05,East,Product D,67.28,8,538.24
2023-01-06,West,Product E,73.58,11,809.38
2023-01-07,North,Product D,12.84,1,12.84
2023-01-08,North,Product E,94.26,7,659.82
2023-01-09,East,Product E,14.68,17,249.56
2023-01-10,South,Product C,58.72,10,587.2
2023-01-11,East,Product E,73.82,11,812.02
2023-01-12,East,Product B,88.39,9,795.51
2023-01-13,East,Product C,74.27,9,668.43
2023-01-14,East,Product E,82.16,5,410.79999999999995
2023-01-15,West,Product A,40.55,17,689.3499999999999
2023-01-16,North,Product B,83.33,9,749.97
2023-01-17,West,Product B,17.21,17,292.57
2023-01-18,West,Product B,90.53,19,1720.07
2023-01-19,West,Product C,59.28,7,414.96000000000004
2023-01-20,East,Product E,83.56,9,752.04
2023-01-21,South,Product E,50.71,7,354.97
2023-01-22,North,Product A,67.92,13,882.96
2023-01-23,South,Product A,57.38,11,631.1800000000001
2023-01-24,West,Product B,75.84,14,1061.76
2023-01-25,West,Product A,17.35,19,329.65000000000003
2023-01-26,South,Product C,15.43,11,169.73
2023-01-27,South,Product E,32.24,13,419.12
2023-01-28,South,Product B,24.36,14,341.03999999999996
2023-01-29,West,Product A,88.46,13,1149.98
2023-01-30,West,Product C,29.73,1,29.73
2023-01-31,North,Product C,97.83,8,782.64
2023-02-01,North,Product A,40.32,12,483.84000000000003
2023-02-02,West,Product E,26.39,19,501.41
2023-02-03,South,Product A,81.07,12,972.8399999999999
2023-02-04,South,Product B,69.28,8,554.24
2023-02-05,North,Product A,54.84,8,438.72
2023-02-06,West,Product C,59.98,13,779.74
2023-02-07,North,Product A,74.73,12,896.76
2023-02-08,North,Product E,30.56,16,488.96
2023-02-09,East,Product D,99.67,1,99.67
2023-02-10,East,Product A,97.73,13,1270.49
2023-02-11,East,Product E,68.53,7,479.71000000000004
2023-02-12,South,Product E,27.96,5,139.8
2023-02-13,West,Product C,71.22,8,569.76
2023-02-14,West,Product E,16.5,14,231.0
2023-02-15,West,Product E,12.76,13,165.88
2023-02-16,West,Product E,33.19,15,497.84999999999997
2023-02-17,East,Product E,51.64,17,877.88
2023-02-18,South,Product B,88.14,15,1322.1
2023-02-19,South,Product B,75.45,18,1358.1000000000001
2023-02-20,East,Product C,76.84,18,1383.1200000000001
2023-02-21,South,Product A,48.29,2,96.58
2023-02-22,East,Product E,41.13,4,164.52
2023-02-23,West,Product A,43.39,1,43.39
2023-02-24,East,Product A,98.89,4,395.56
2023-02-25,West,Product C,13.61,18,244.98
2023-02-26,West,Product E,88.03,5,440.15
2023-02-27,North,Product E,62.08,19,1179.52
2023-02-28,East,Product D,49.48,15,742.1999999999999
2023-03-01,North,Product A,75.27,8,602.16
2023-03-02,East,Product A,53.8,17,914.5999999999999
2023-03-03,East,Product B,88.61,1,88.61
2023-03-04,North,Product D,91.06,12,1092.72
2023-03-05,North,Product B,47.95,19,911.0500000000001
2023-03-06,East,Product B,34.91,15,523.65
2023-03-07,South,Product B,63.31,9,569.79
2023-03-08,West,Product C,92.11,7,644.77
2023-03-09,North,Product C,28.96,2,57.92
2023-03-10,West,Product B,66.07,9,594.6299999999999
2023-03-11,South,Product D,66.84,10,668.4000000000001
2023-03-12,South,Product A,75.98,2,151.96
2023-03-13,South,Product D,21.84,19,414.96
2023-03-14,North,Product E,74.42,11,818.62
2023-03-15,South,Product C,91.81,13,1193.53
2023-03-16,North,Product A,26.17,10,261.70000000000005
2023-03-17,South,Product A,31.38,14,439.32
2023-03-18,West,Product E,97.43,18,1753.7400000000002
2023-03-19,West,Product E,26.29,19,499.51
2023-03-20,East,Product B,86.89,9,782.01
2023-03-21,West,Product C,54.31,7,380.17
2023-03-22,East,Product C,32.25,3,96.75
2023-03-23,West,Product D,88.37,6,530.22
2023-03-24,North,Product B,50.08,2,100.16
2023-03-25,West,Product B,56.33,6,337.98
2023-03-26,East,Product B,42.33,3,126.99
2023-03-27,East,Product B,63.37,16,1013.92
2023-03-28,South,Product C,24.72,8,197.76
2023-03-29,North,Product C,45.2,2,90.4
2023-03-30,West,Product B,97.25,17,1653.25
2023-03-31,South,Product D,33.23,9,299.07
2023-04-01,West,Product A,69.11,12,829.3199999999999
2023-04-02,West,Product A,39.27,3,117.81
2023-04-03,South,Product D,79.61,11,875.71
2023-04-04,South,Product B,21.78,1,21.78
2023-04-05,South,Product C,97.28,13,1264.64
2023-04-06,South,Product A,50.84,15,762.6
2023-04-07,South,Product E,31.24,5,156.2
2023-04-08,West,Product E,16.61,17,282.37
2023-04-09,South,Product D,25.28,6,151.68
2023-04-10,North,Product B,56.78,11,624.58
2023-04-11,East,Product A,40.33,18,725.9399999999999
2023-04-12,South,Product B,84.6,4,338.4
2023-04-13,South,Product A,48.78,3,146.34
2023-04-14,West,Product D,32.38,13,420.94000000000005
2023-04-15,South,Product D,65.54,9,589.86
2023-04-16,South,Product E,73.61,6,441.65999999999997
2023-04-17,South,Product B,25.03,12,300.36
2023-04-18,West,Product E,25.09,2,50.18
2023-04-19,South,Product B,13.3,3,39.900000000000006
2023-04-20,East,Product E,76.28,3,228.84
2023-04-21,West,Product C,69.74,12,836.8799999999999
2023-04-22,East,Product C,52.72,15,790.8
2023-04-23,West,Product C,85.98,9,773.82
2023-04-24,South,Product C,82.51,8,660.08
2023-04-25,East,Product A,62.68,11,689.48
2023-04-26,West,Product C,88.14,16,1410.24
2023-04-27,North,Product D,28.53,4,114.12
2023-04-28,South,Product D,20.07,1,20.07
2023-04-29,West,Product A,34.28,7,239.96
2023-04-30,North,Product C,15.14,2,30.28
2023-05-01,West,Product C,57.81,5,289.05
2023-05-02,North,Product C,94.29,7,660.0300000000001
2023-05-03,South,Product E,13.54,4,54.16
2023-05-04,East,Product B,20.99,5,104.94999999999999
2023-05-05,North,Product E,50.7,1,50.7
2023-05-06,West,Product B,94.05,1,94.05
2023-05-07,South,Product C,38.45,15,576.75
2023-05-08,North,Product C,55.65,19,1057.35
2023-05-09,West,Product E,13.74,10,137.4
2023-05-10,West,Product E,23.35,18,420.3
2023-05-11,West,Product B,98.8,3,296.4
2023-05-12,North,Product D,96.86,11,1065.46
2023-05-13,North,Product B,10.44,15,156.6
2023-05-14,North,Product E,95.66,11,1052.26
2023-05-15,East,Product E,67.52,17,1147.84
2023-05-16,North,Product A,88.11,17,1497.87
2023-05-17,North,Product E,50.93,6,305.58
2023-05-18,North,Product A,56.4,5,282.0
2023-05-19,East,Product D,54.0,8,432.0
2023-05-20,North,Product B,70.02,2,140.04
2023-05-21,West,Product B,22.57,16,361.12
2023-05-22,North,Product A,12.7,12,152.39999999999998
2023-05-23,West,Product B,37.71,6,226.26
2023-05-24,West,Product E,73.42,1,73.42
2023-05-25,West,Product C,28.17,4,112.68
2023-05-26,East,Product A,70.61,17,1200.37
2023-05-27,East,Product B,97.29,13,1264.77
2023-05-28,East,Product A,18.45,18,332.09999999999997
2023-05-29,North,Product A,70.53,5,352.65
2023-05-30,West,Product C,49.94,3,149.82
2023-05-31,East,Product E,88.13,11,969.43
2023-06-01,East,Product A,25.94,13,337.22
2023-06-02,North,Product B,72.34,4,289.36
2023-06-03,East,Product D,85.43,14,1196.02
2023-06-04,North,Product A,95.02,11,1045.22
2023-06-05,South,Product A,71.49,10,714.9
2023-06-06,East,Product C,54.75,19,1040.25
2023-06-07,South,Product E,65.61,18,1180.98
2023-06-08,North,Product D,88.2,6,529.2
2023-06-09,West,Product B,61.35,15,920.25
2023-06-10,East,Product D,12.73,10,127.30000000000001
2023-06-11,North,Product B,93.79,5,468.95000000000005
2023-06-12,West,Product E,72.06,5,360.3
2023-06-13,West,Product B,70.89,10,708.9
2023-06-14,South,Product C,29.41,5,147.05
2023-06-15,North,Product C,69.3,3,207.89999999999998
2023-06-16,West,Product C,45.45,6,272.70000000000005
2023-06-17,East,Product C,68.61,4,274.44
2023-06-18,East,Product D,19.59,18,352.62
2023-06-19,South,Product E,69.21,9,622.89
2023-06-20,West,Product B,99.95,17,1699.15
2023-06-21,North,Product B,14.34,13,186.42
2023-06-22,East,Product C,97.95,15,1469.25
2023-06-23,West,Product C,46.62,17,792.54
2023-06-24,West,Product A,88.37,13,1148.81
2023-06-25,South,Product E,80.41,16,1286.56
2023-06-26,East,Product D,61.03,4,244.12
2023-06-27,East,Product B,76.46,5,382.29999999999995
2023-06-28,North,Product A,89.07,5,445.34999999999997
2023-06-29,East,Product A,46.37,9,417.33
2023-06-30,North,Product B,39.43,17,670.31
2023-07-01,East,Product D,70.08,13,911.04
2023-07-02,South,Product A,82.71,2,165.42
2023-07-03,East,Product A,78.61,13,1021.93
2023-07-04,North,Product E,81.8,19,1554.2
2023-07-05,North,Product D,49.2,3,147.60000000000002
2023-07-06,South,Product A,83.61,10,836.1
2023-07-07,East,Product D,20.82,2,41.64
2023-07-08,East,Product B,59.0,13,767.0
2023-07-09,South,Product C,10.52,19,199.88
2023-07-10,East,Product A,39.21,17,666.57
2023-07-11,East,Product E,42.98,14,601.7199999999999
2023-07-12,North,Product B,45.66,12,547.92
2023-07-13,East,Product D,72.59,12,871.08
2023-07-14,East,Product B,44.97,11,494.66999999999996
2023-07-15,South,Product A,50.38,7,352.66
2023-07-16,South,Product D,31.38,4,125.52
2023-07-17,West,Product C,43.59,19,828.21
2023-07-18,North,Product B,30.45,1,30.45
2023-07-19,East,Product A,16.59,3,49.769999999999996
2023-07-20,East,Product E,64.31,13,836.03
2023-07-21,West,Product D,70.14,15,1052.1
2023-07-22,East,Product B,65.75,2,131.5
2023-07-23,North,Product B,51.71,11,568.8100000000001
2023-07-24,West,Product C,44.18,4,176.72
2023-07-25,North,Product C,87.7,19,1666.3
2023-07-26,West,Product E,56.72,17,964.24
2023-07-27,West,Product E,53.13,3,159.39000000000001
2023-07-28,South,Product A,12.31,18,221.58
2023-07-29,North,Product A,40.71,8,325.68
2023-07-30,East,Product E,44.22,19,840.18
2023-07-31,East,Product E,45.89,5,229.45
2023-08-01,North,Product D,62.22,7,435.53999999999996
2023-08-02,East,Product C,58.02,8,464.16
2023-08-03,East,Product A,64.71,5,323.54999999999995
2023-08-04,North,Product C,78.84,17,1340.28
2023-08-05,West,Product C,83.17,5,415.85
2023-08-06,North,Product E,74.63,4,298.52
2023-08-07,West,Product D,96.0,19,1824.0
2023-08-08,East,Product B,11.64,2,23.28
2023-08-09,East,Product D,27.62,11,303.82
2023-08-10,East,Product D,10.68,13,138.84
2023-08-11,South,Product C,68.27,15,1024.05
2023-08-12,West,Product D,90.82,12,1089.84
2023-08-13,South,Product A,31.91,11,351.01
2023-08-14,South,Product C,93.43,7,654.01
2023-08-15,North,Product A,15.42,5,77.1
2023-08-16,South,Product B,94.1,17,1599.6999999999998
2023-08-17,North,Product C,41.65,9,374.84999999999997
2023-08-18,North,Product B,19.13,14,267.82
2023-08-19,South,Product C,53.73,12,644.76
2023-08-20,West,Product E,33.11,6,198.66
2023-08-21,West,Product D,35.64,17,605.88
2023-08-22,West,Product E,37.66,19,715.54
2023-08-23,West,Product B,82.27,19,1563.1299999999999
2023-08-24,West,Product D,58.52,16,936.32
2023-08-25,South,Product C,38.02,12,456.24
2023-08-26,South,Product D,64.93,12,779.1600000000001
2023-08-27,East,Product A,74.45,6,446.70000000000005
2023-08-28,West,Product D,34.54,4,138.16
2023-08-29,South,Product A,47.22,6,283.32
2023-08-30,East,Product D,20.97,11,230.67
2023-08-31,West,Product A,26.3,1,26.3
2023-09-01,North,Product B,71.3,15,1069.5
2023-09-02,East,Product E,26.33,11,289.63
2023-09-03,South,Product C,57.26,19,1087.94
2023-09-04,North,Product D,73.81,18,1328.58
2023-09-05,North,Product E,19.62,17,333.54
2023-09-06,North,Product C,61.06,19,1160.14
2023-09-07,East,Product C,33.09,14,463.26000000000005
2023-09-08,South,Product A,96.66,18,1739.8799999999999
2023-09-09,North,Product B,53.52,19,1016.8800000000001
2023-09-10,West,Product B,82.54,15,1238.1000000000001
2023-09-11,North,Product E,59.52,15,892.8000000000001
2023-09-12,North,Product B,13.91,4,55.64
2023-09-13,East,Product D,66.98,7,468.86
2023-09-14,East,Product B,95.63,13,1243.19
2023-09-15,South,Product E,64.15,3,192.45000000000002
2023-09-16,West,Product B,83.73,16,1339.68
2023-09-17,East,Product D,89.58,9,806.22
2023-09-18,North,Product A,30.53,8,244.24
2023-09-19,South,Product E,29.08,13,378.03999999999996
2023-09-20,North,Product A,64.99,17,1104.83
2023-09-21,North,Product A,46.99,17,798.83
2023-09-22,East,Product A,85.59,17,1455.03
2023-09-23,South,Product C,91.0,1,91.0
2023-09-24,West,Product C,41.81,8,334.48
2023-09-25,West,Product A,31.32,19,595.08
2023-09-26,East,Product E,80.25,6,481.5
2023-09-27,East,Product D,34.73,3,104.19
2023-09-28,South,Product D,84.04,5,420.20000000000005
2023-09-29,West,Product B,48.14,13,625.82
2023-09-30,West,Product E,70.08,15,1051.2
2023-10-01,West,Product C,18.6,14,260.40000000000003
2023-10-02,North,Product A,66.15,16,1058.4
2023-10-03,West,Product B,50.66,18,911.8799999999999
2023-10-04,North,Product D,62.79,11,690.6899999999999
2023-10-05,South,Product C,25.12,3,75.36
2023-10-06,North,Product C,76.32,10,763.1999999999999
2023-10-07,South,Product A,87.65,10,876.5
2023-10-08,West,Product D,29.51,16,472.16
2023-10-09,West,Product E,18.61,12,223.32
2023-10-10,South,Product C,12.13,2,24.26
2023-10-11,East,Product A,67.78,9,610.02
2023-10-12,South,Product E,64.64,3,193.92000000000002
2023-10-13,East,Product D,59.2,15,888.0
2023-10-14,North,Product C,30.88,3,92.64
2023-10-15,North,Product E,45.18,19,858.42
2023-10-16,North,Product E,63.5,18,1143.0
2023-10-17,West,Product E,54.71,8,437.68
2023-10-18,North,Product C,98.9,17,1681.3000000000002
2023-10-19,East,Product C,22.28,8,178.24
2023-10-20,North,Product B,72.56,7,507.92
2023-10-21,South,Product D,46.39,7,324.73
2023-10-22,South,Product A,48.54,3,145.62
2023-10-23,West,Product E,74.58,1,74.58
2023-10-24,South,Product B,72.32,4,289.28
2023-10-25,East,Product A,99.21,5,496.04999999999995
2023-10-26,North,Product B,21.56,1,21.56
2023-10-27,West,Product C,19.37,15,290.55
2023-10-28,North,Product E,75.19,5,375.95
2023-10-29,North,Product A,62.05,13,806.65
2023-10-30,East,Product A,34.67,8,277.36
2023-10-31,South,Product A,17.15,8,137.2
2023-11-01,South,Product A,17.71,5,88.55000000000001
2023-11-02,North,Product A,90.48,9,814.32
2023-11-03,West,Product B,27.27,1,27.27
2023-11-04,South,Product E,39.1,4,156.4
2023-11-05,West,Product C,30.4,3,91.19999999999999
2023-11-06,South,Product C,41.95,2,83.9
2023-11-07,West,Product C,16.25,8,130.0
2023-11-08,East,Product C,56.72,9,510.48
2023-11-09,West,Product B,16.09,2,32.18
2023-11-10,East,Product D,82.03,14,1148.42
2023-11-11,East,Product E,31.03,14,434.42
2023-11-12,West,Product A,58.6,4,234.4
2023-11-13,East,Product D,89.21,6,535.26
2023-11-14,North,Product C,68.58,11,754.38
2023-11-15,East,Product D,57.97,3,173.91
2023-11-16,South,Product E,39.19,8,313.52
2023-11-17,West,Product A,39.97,3,119.91
2023-11-18,North,Product A,70.25,14,983.5
2023-11-19,West,Product E,99.47,13,1293.11
2023-11-20,South,Product E,69.57,13,904.4099999999999
2023-11-21,South,Product C,60.2,2,120.4
2023-11-22,South,Product A,75.76,13,984.8800000000001
2023-11-23,East,Product D,51.87,19,985.53
2023-11-24,East,Product B,15.41,6,92.46000000000001
2023-11-25,West,Product B,60.61,16,969.76
2023-11-26,West,Product E,96.19,2,192.38
2023-11-27,North,Product C,25.78,8,206.24
2023-11-28,North,Product B,72.1,17,1225.6999999999998
2023-11-29,West,Product A,28.08,2,56.16
2023-11-30,East,Product E,58.22,10,582.2
2023-12-01,South,Product D,18.7,16,299.2
2023-12-02,West,Product E,50.53,6,303.18
2023-12-03,North,Product D,78.05,2,156.1
2023-12-04,East,Product E,41.28,2,82.56
2023-12-05,West,Product E,69.84,13,907.9200000000001
2023-12-06,West,Product E,81.59,15,1223.8500000000001
2023-12-07,East,Product D,93.45,2,186.9
2023-12-08,West,Product D,31.12,7,217.84
2023-12-09,East,Product E,45.94,3,137.82
2023-12-10,South,Product B,23.72,8,189.76
2023-12-11,East,Product C,99.32,14,1390.48
2023-12-12,East,Product C,93.43,7,654.01
2023-12-13,East,Product C,58.6,7,410.2
2023-12-14,West,Product D,85.78,1,85.78
2023-12-15,West,Product D,56.89,17,967.13
2023-12-16,East,Product B,66.12,9,595.08
2023-12-17,West,Product C,18.02,13,234.26
2023-12-18,North,Product C,77.97,19,1481.43
2023-12-19,North,Product E,21.49,19,408.30999999999995
2023-12-20,West,Product D,84.35,17,1433.9499999999998
2023-12-21,West,Product C,80.38,10,803.8
2023-12-22,East,Product B,73.79,10,737.9000000000001
2023-12-23,South,Product B,13.25,4,53.0
2023-12-24,West,Product C,37.28,8,298.24
2023-12-25,North,Product D,33.68,18,606.24
2023-12-26,East,Product B,42.41,14,593.74
2023-12-27,West,Product E,17.89,18,322.02
2023-12-28,North,Product B,94.33,14,1320.62
2023-12-29,North,Product A,59.84,15,897.6
2023-12-30,South,Product A,37.5,4,150.0
2023-12-31,East,Product D,45.73,13,594.49
2024-01-01,East,Product C,50.25,8,402.0
2024-01-02,South,Product D,64.05,18,1152.8999999999999
2024-01-03,South,Product D,56.41,12,676.92
2024-01-04,East,Product D,92.75,14,1298.5
2024-01-05,East,Product D,54.73,2,109.46
2024-01-06,West,Product E,99.29,18,1787.22
2024-01-07,West,Product E,86.63,2,173.26
2024-01-08,South,Product B,28.77,11,316.46999999999997
2024-01-09,West,Product A,93.75,9,843.75
2024-01-10,North,Product D,20.47,12,245.64
2024-01-11,West,Product B,83.57,17,1420.6899999999998
2024-01-12,West,Product A,44.26,15,663.9
2024-01-13,North,Product C,89.02,17,1513.34
2024-01-14,South,Product E,88.13,18,1586.34
2024-01-15,North,Product A,82.53,6,495.18
2024-01-16,West,Product C,81.1,17,1378.6999999999998
2024-01-17,South,Product A,37.42,18,673.5600000000001
2024-01-18,West,Product E,17.28,8,138.24
2024-01-19,North,Product E,46.27,9,416.43
2024-01-20,North,Product B,25.62,6,153.72
2024-01-21,West,Product D,72.55,5,362.75
2024-01-22,East,Product A,41.15,12,493.79999999999995
2024-01-23,East,Product A,97.8,11,1075.8
2024-01-24,North,Product C,67.69,1,67.69
2024-01-25,North,Product E,84.02,11,924.2199999999999
2024-01-26,East,Product A,21.93,19,416.67
2024-01-27,East,Product E,87.58,9,788.22
2024-01-28,West,Product A,93.05,2,186.1
2024-01-29,West,Product B,53.84,12,646.08
2024-01-30,East,Product D,64.56,4,258.24
2024-01-31,West,Product A,78.83,4,315.32
2024-02-01,West,Product E,25.74,18,463.32
2024-02-02,South,Product B,55.23,15,828.4499999999999
2024-02-03,West,Product A,45.88,19,871.72
2024-02-04,North,Product C,23.17,13,301.21000000000004
2024-02-05,West,Product D,43.08,19,818.52
2024-02-06,West,Product A,16.14,17,274.38
2024-02-07,East,Product B,12.32,6,73.92
2024-02-08,North,Product C,22.16,16,354.56
2024-02-09,West,Product B,96.68,12,1160.16
2024-02-10,West,Product B,59.46,19,1129.74
2024-02-11,South,Product C,96.92,5,484.6
2024-02-12,West,Product B,48.92,17,831.64
2024-02-13,West,Product C,38.06,1,38.06
2024-02-14,South,Product A,55.55,10,555.5
2024-02-15,East,Product C,49.56,15,743.4000000000001
2024-02-16,West,Product C,19.51,11,214.61
2024-02-17,South,Product D,67.67,13,879.71
2024-02-18,North,Product C,29.44,5,147.20000000000002
2024-02-19,East,Product C,65.76,1,65.76
2024-02-20,North,Product A,68.52,12,822.24
2024-02-21,North,Product D,23.68,11,260.48
2024-02-22,South,Product E,15.52,17,263.84
2024-02-23,West,Product A,80.27,4,321.08
2024-02-24,South,Product A,51.38,15,770.7
2024-02-25,South,Product E,15.23,9,137.07
2024-02-26,South,Product C,99.54,19,1891.2600000000002
2024-02-27,South,Product B,15.2,19,288.8
2024-02-28,East,Product D,72.55,12,870.5999999999999
2024-02-29,West,Product B,98.53,5,492.65
2024-03-01,North,Product E,31.53,10,315.3
2024-03-02,North,Product A,22.8,17,387.6
2024-03-03,West,Product A,20.92,5,104.60000000000001
2024-03-04,North,Product D,37.29,16,596.64
2024-03-05,West,Product A,19.09,7,133.63
2024-03-06,North,Product A,72.29,9,650.61
2024-03-07,South,Product D,15.61,3,46.83
2024-03-08,North,Product D,55.85,15,837.75
2024-03-09,West,Product E,99.7,16,1595.2
2024-03-10,West,Product A,83.26,18,1498.68
2024-03-11,West,Product A,65.37,14,915.1800000000001
2024-03-12,West,Product E,37.56,3,112.68
2024-03-13,West,Product C,66.15,12,793.8000000000001
2024-03-14,East,Product C,57.43,9,516.87
2024-03-15,East,Product C,48.35,7,338.45
2024-03-16,North,Product E,21.76,9,195.84
2024-03-17,West,Product A,89.79,13,1167.27
2024-03-18,North,Product E,50.48,18,908.64
2024-03-19,West,Product E,27.52,5,137.6
2024-03-20,West,Product C,43.1,13,560.3000000000001
2024-03-21,East,Product B,47.27,4,189.08
2024-03-22,East,Product A,84.48,2,168.96
2024-03-23,South,Product C,76.03,16,1216.48
2024-03-24,East,Product B,79.24,9,713.16
2024-03-25,South,Product B,10.99,9,98.91
2024-03-26,South,Product D,47.45,6,284.70000000000005
2024-03-27,South,Product A,53.32,11,586.52
2024-03-28,South,Product B,11.73,1,11.73
2024-03-29,South,Product C,33.38,4,133.52
2024-03-30,North,Product D,78.43,13,1019.5900000000001
2024-03-31,East,Product A,22.34,13,290.42
2024-04-01,South,Product E,58.18,13,756.34
2024-04-02,West,Product C,29.37,2,58.74
2024-04-03,East,Product B,11.09,9,99.81
2024-04-04,East,Product B,31.71,8,253.68
2024-04-05,South,Product C,97.83,7,684.81
2024-04-06,North,Product B,82.14,4,328.56
2024-04-07,South,Product D,96.36,18,1734.48
2024-04-08,North,Product A,53.91,3,161.73
2024-04-09,West,Product D,19.88,6,119.28
2024-04-10,East,Product B,59.32,12,711.84
2024-04-11,West,Product E,50.89,12,610.6800000000001
2024-04-12,North,Product A,85.99,8,687.92
2024-04-13,North,Product A,18.83,1,18.83
2024-04-14,West,Product C,53.94,4,215.76
2024-04-15,North,Product C,23.5,11,258.5
2024-04-16,West,Product E,39.22,3,117.66
2024-04-17,East,Product A,76.36,13,992.68
2024-04-18,West,Product E,52.84,17,898.2800000000001
2024-04-19,East,Product C,43.83,10,438.29999999999995
2024-04-20,West,Product C,45.5,12,546.0
2024-04-21,North,Product A,51.35,15,770.25
2024-04-22,West,Product D,80.65,10,806.5
2024-04-23,North,Product B,90.29,14,1264.0600000000002
2024-04-24,West,Product C,95.98,13,1247.74
2024-04-25,West,Product C,80.82,5,404.09999999999997
2024-04-26,South,Product D,38.39,6,230.34
2024-04-27,North,Product D,71.93,2,143.86
2024-04-28,South,Product E,49.38,17,839.46
2024-04-29,North,Product E,32.92,4,131.68
2024-04-30,South,Product B,85.68,14,1199.52
2024-05-01,East,Product B,13.46,10,134.60000000000002
2024-05-02,West,Product A,91.16,3,273.48
2024-05-03,North,Product E,51.53,3,154.59
2024-05-04,North,Product C,67.35,15,1010.2499999999999
2024-05-05,West,Product E,69.34,6,416.04
2024-05-06,North,Product C,90.56,17,1539.52
2024-05-07,North,Product D,67.3,12,807.5999999999999
2024-05-08,South,Product E,65.25,11,717.75
2024-05-09,North,Product D,16.0,4,64.0
2024-05-10,East,Product B,56.66,6,339.96
2024-05-11,East,Product B,23.52,1,23.52
2024-05-12,West,Product A,76.37,16,1221.92
2024-05-13,North,Product E,56.1,15,841.5
2024-05-14,West,Product D,71.22,17,1210.74
2024-05-15,East,Product C,13.75,8,110.0
2024-05-16,North,Product B,17.63,12,211.56
2024-05-17,North,Product B,74.47,10,744.7
2024-05-18,West,Product C,16.49,15,247.34999999999997
2024-05-19,East,Product D,16.41,9,147.69
2024-05-20,North,Product D,11.09,2,22.18
2024-05-21,West,Product E,96.09,5,480.45000000000005
2024-05-22,East,Product E,76.38,6,458.28
2024-05-23,West,Product A,41.79,7,292.53
2024-05-24,South,Product B,36.69,1,36.69
2024-05-25,North,Product E,41.47,7,290.28999999999996
2024-05-26,South,Product D,79.72,12,956.64
2024-05-27,East,Product C,69.52,16,1112.32
2024-05-28,South,Product D,26.67,16,426.72
2024-05-29,South,Product B,25.67,11,282.37
2024-05-30,East,Product D,18.86,4,75.44
2024-05-31,West,Product A,69.43,13,902.5900000000001
2024-06-01,South,Product B,78.79,7,551.5300000000001
2024-06-02,West,Product C,33.85,4,135.4
2024-06-03,South,Product A,11.89,15,178.35000000000002
2024-06-04,West,Product B,17.4,19,330.59999999999997
2024-06-05,East,Product C,97.11,9,873.99
2024-06-06,South,Product A,36.59,11,402.49
2024-06-07,East,Product A,79.23,8,633.84
2024-06-08,South,Product B,66.22,1,66.22
2024-06-09,East,Product E,44.37,8,354.96
2024-06-10,East,Product A,28.51,13,370.63
2024-06-11,South,Product A,20.92,4,83.68
2024-06-12,South,Product C,65.35,8,522.8
2024-06-13,South,Product D,79.72,3,239.16
2024-06-14,North,Product B,67.95,9,611.5500000000001
2024-06-15,West,Product B,57.73,2,115.46
2024-06-16,North,Product E,13.78,2,27.56
2024-06-17,North,Product E,97.16,13,1263.08
2024-06-18,East,Product B,81.88,15,1228.1999999999998
2024-06-19,South,Product E,36.35,12,436.20000000000005
2024-06-20,West,Product C,98.2,4,392.8
2024-06-21,East,Product B,64.17,8,513.36
2024-06-22,North,Product E,62.42,9,561.78
2024-06-23,South,Product B,77.33,5,386.65
2024-06-24,East,Product D,83.06,18,1495.08
2024-06-25,South,Product A,69.08,11,759.88
2024-06-26,East,Product B,21.53,15,322.95000000000005
2024-06-27,South,Product A,40.44,9,363.96
2024-06-28,North,Product E,93.53,17,1590.01
2024-06-29,West,Product A,30.22,12,362.64
2024-06-30,North,Product B,43.5,7,304.5
2024-07-01,West,Product D,48.89,10,488.9
2024-07-02,South,Product E,49.55,10,495.5
2024-07-03,East,Product B,65.16,13,847.0799999999999
2024-07-04,North,Product E,94.88,19,1802.7199999999998
2024-07-05,West,Product C,31.66,11,348.26
2024-07-06,North,Product A,20.94,13,272.22
2024-07-07,West,Product C,27.77,8,222.16
2024-07-08,North,Product B,89.82,8,718.56
2024-07-09,West,Product D,68.12,4,272.48
2024-07-10,West,Product E,35.73,15,535.9499999999999
2024-07-11,South,Product A,83.44,11,917.8399999999999
2024-07-12,West,Product E,87.52,11,962.7199999999999
2024-07-13,South,Product B,86.19,1,86.19
2024-07-14,West,Product E,92.7,17,1575.9
2024-07-15,East,Product A,32.7,15,490.50000000000006
2024-07-16,East,Product B,77.95,6,467.70000000000005
2024-07-17,East,Product E,51.45,15,771.75
2024-07-18,West,Product D,85.78,9,772.02
2024-07-19,South,Product B,75.56,14,1057.8400000000001
2024-07-20,South,Product B,79.88,18,1437.84
2024-07-21,West,Product D,69.05,17,1173.85
2024-07-22,East,Product C,25.97,18,467.46
2024-07-23,East,Product A,59.05,5,295.25
2024-07-24,South,Product C,98.62,9,887.58
2024-07-25,East,Product E,94.36,11,1037.96
2024-07-26,North,Product D,13.89,1,13.89
2024-07-27,South,Product C,24.83,18,446.93999999999994
2024-07-28,East,Product B,21.86,6,131.16
2024-07-29,South,Product E,75.34,2,150.68
2024-07-30,North,Product E,83.6,15,1254.0
2024-07-31,South,Product C,29.22,14,409.08
2024-08-01,South,Product C,55.53,5,277.65
2024-08-02,South,Product D,85.66,6,513.96
2024-08-03,South,Product A,75.95,6,455.70000000000005
2024-08-04,North,Product C,58.8,18,1058.3999999999999
2024-08-05,West,Product C,63.13,14,883.82
2024-08-06,South,Product B,55.75,10,557.5
2024-08-07,South,Product E,36.78,14,514.9200000000001
2024-08-08,East,Product A,60.85,13,791.0500000000001
2024-08-09,South,Product B,72.0,3,216.0
2024-08-10,East,Product D,88.6,6,531.5999999999999
2024-08-11,West,Product D,67.27,8,538.16
2024-08-12,North,Product C,78.5,12,942.0
2024-08-13,North,Product C,24.41,13,317.33
2024-08-14,West,Product D,51.54,11,566.9399999999999
2024-08-15,North,Product C,10.84,12,130.07999999999998
2024-08-16,West,Product A,32.2,1,32.2
2024-08-17,West,Product C,75.38,17,1281.46
2024-08-18,West,Product E,99.26,16,1588.16
2024-08-19,North,Product C,18.93,11,208.23
2024-08-20,East,Product B,46.13,13,599.69
2024-08-21,West,Product A,82.01,18,1476.18
2024-08-22,South,Product B,28.36,11,311.96
2024-08-23,North,Product B,59.96,12,719.52
2024-08-24,West,Product E,75.98,6,455.88
2024-08-25,West,Product A,65.44,9,588.96
2024-08-26,South,Product A,26.92,16,430.72
2024-08-27,East,Product A,41.98,4,167.92
2024-08-28,East,Product A,80.54,3,241.62
2024-08-29,East,Product A,59.88,16,958.08
2024-08-30,West,Product E,10.47,12,125.64000000000001
2024-08-31,West,Product C,78.49,11,863.39
2024-09-01,West,Product B,13.18,5,65.9
2024-09-02,North,Product A,77.12,18,1388.16
2024-09-03,South,Product C,28.22,19,536.18
2024-09-04,West,Product C,96.23,6,577.38
2024-09-05,South,Product B,43.11,18,775.98
2024-09-06,South,Product E,39.42,6,236.52
2024-09-07,East,Product D,23.4,4,93.6
2024-09-08,North,Product D,37.5,12,450.0
2024-09-09,West,Product C,88.9,19,1689.1000000000001
2024-09-10,East,Product B,99.67,2,199.34
2024-09-11,East,Product D,43.15,17,733.55
2024-09-12,West,Product C,50.37,11,554.0699999999999
2024-09-13,South,Product E,74.99,11,824.89
2024-09-14,East,Product D,89.76,16,1436.16
2024-09-15,South,Product C,63.37,2,126.74
2024-09-16,North,Product C,45.24,2,90.48
2024-09-17,South,Product A,47.14,8,377.12
2024-09-18,North,Product E,72.61,13,943.93
2024-09-19,South,Product A,10.29,10,102.89999999999999
2024-09-20,East,Product B,65.76,8,526.08
2024-09-21,East,Product A,41.99,4,167.96
2024-09-22,North,Product A,81.48,15,1222.2
2024-09-23,West,Product D,18.37,1,18.37
2024-09-24,North,Product C,62.94,11,692.3399999999999
2024-09-25,North,Product E,53.29,7,373.03
2024-09-26,South,Product A,67.81,17,1152.77
2024-09-27,South,Product E,15.84,18,285.12
2024-09-28,North,Product A,62.2,12,746.4000000000001
2024-09-29,East,Product B,60.53,9,544.77
2024-09-30,South,Product A,60.46,5,302.3
2024-10-01,West,Product D,64.31,10,643.1
2024-10-02,South,Product C,70.88,4,283.52
2024-10-03,South,Product B,82.45,5,412.25
2024-10-04,West,Product A,34.28,10,342.8
2024-10-05,North,Product E,84.25,11,926.75
2024-10-06,West,Product B,54.84,10,548.4000000000001
2024-10-07,North,Product B,16.94,8,135.52
2024-10-08,North,Product A,15.27,2,30.54
2024-10-09,North,Product B,40.08,8,320.64
2024-10-10,West,Product E,80.64,16,1290.24
2024-10-11,North,Product B,73.69,5,368.45
2024-10-12,East,Product E,80.98,3,242.94
2024-10-13,West,Product A,56.55,12,678.5999999999999
2024-10-14,East,Product C,49.62,13,645.06
2024-10-15,North,Product B,23.27,13,302.51
2024-10-16,South,Product C,39.54,10,395.4
2024-10-17,North,Product E,49.06,4,196.24
2024-10-18,East,Product B,17.97,9,161.73
2024-10-19,East,Product D,29.86,2,59.72
2024-10-20,West,Product C,63.84,19,1212.96
2024-10-21,South,Product B,76.21,1,76.21
2024-10-22,West,Product C,99.85,7,698.9499999999999
2024-10-23,East,Product B,93.98,17,1597.66
2024-10-24,North,Product A,67.83,3,203.49
2024-10-25,South,Product C,47.91,3,143.73
2024-10-26,North,Product D,67.26,3,201.78000000000003
2024-10-27,North,Product D,80.71,17,1372.07
2024-10-28,South,Product E,20.65,7,144.54999999999998
2024-10-29,West,Product B,46.89,14,656.46
2024-10-30,North,Product C,85.58,17,1454.86
2024-10-31,East,Product E,44.54,18,801.72
2024-11-01,North,Product C,61.47,13,799.11
2024-11-02,South,Product B,62.9,18,1132.2
2024-11-03,South,Product D,26.6,4,106.4
2024-11-04,South,Product A,42.6,1,42.6
2024-11-05,West,Product D,40.11,18,721.98
2024-11-06,North,Product E,12.36,1,12.36
2024-11-07,West,Product A,12.18,13,158.34
2024-11-08,West,Product E,84.85,10,848.5
2024-11-09,South,Product B,34.58,11,380.38
2024-11-10,South,Product A,56.63,9,509.67
2024-11-11,West,Product E,36.89,9,332.01
2024-11-12,North,Product B,94.66,5,473.29999999999995
2024-11-13,East,Product D,33.34,1,33.34
2024-11-14,West,Product B,48.67,17,827.39
2024-11-15,North,Product C,88.55,2,177.1
2024-11-16,South,Product B,85.77,13,1115.01
2024-11-17,South,Product B,26.75,9,240.75
2024-11-18,North,Product C,82.24,4,328.96
2024-11-19,East,Product E,51.24,5,256.2
2024-11-20,South,Product E,53.47,11,588.17
2024-11-21,South,Product B,22.01,19,418.19000000000005
2024-11-22,South,Product C,17.25,3,51.75
2024-11-23,North,Product C,75.51,12,906.1200000000001
2024-11-24,West,Product D,54.68,19,1038.92
2024-11-25,South,Product E,49.32,19,937.08
2024-11-26,West,Product A,75.66,13,983.5799999999999
2024-11-27,East,Product E,78.9,7,552.3000000000001
2024-11-28,South,Product E,24.3,15,364.5
2024-11-29,South,Product D,64.92,7,454.44
2024-11-30,East,Product A,22.18,8,177.44
2024-12-01,South,Product D,77.62,5,388.1
2024-12-02,West,Product A,69.13,14,967.8199999999999
2024-12-03,North,Product B,96.1,4,384.4
2024-12-04,West,Product A,16.21,10,162.10000000000002
2024-12-05,North,Product D,15.13,15,226.95000000000002
2024-12-06,North,Product E,35.4,18,637.1999999999999
2024-12-07,West,Product A,33.55,13,436.15
2024-12-08,West,Product A,32.23,8,257.84
2024-12-09,West,Product C,91.56,9,824.04
2024-12-10,West,Product E,32.46,16,519.36
2024-12-11,East,Product B,34.48,19,655.1199999999999
2024-12-12,South,Product D,78.35,16,1253.6
2024-12-13,North,Product B,50.48,7,353.35999999999996
2024-12-14,West,Product E,79.9,14,1118.6000000000001
2024-12-15,West,Product A,15.88,14,222.32000000000002
2024-12-16,West,Product A,53.88,4,215.52
2024-12-17,East,Product E,13.03,15,195.45
2024-12-18,West,Product A,15.64,3,46.92
2024-12-19,West,Product A,91.58,5,457.9
2024-12-20,West,Product A,22.53,1,22.53
2024-12-21,South,Product D,57.92,3,173.76
2024-12-22,East,Product D,47.0,15,705.0
2024-12-23,West,Product C,41.26,8,330.08
2024-12-24,North,Product B,90.99,4,363.96
2024-12-25,North,Product E,11.96,2,23.92
2024-12-26,North,Product E,69.74,10,697.4
2024-12-27,East,Product E,96.71,4,386.84
2024-12-28,East,Product C,60.42,3,181.26
2024-12-29,North,Product D,94.31,2,188.62
2024-12-30,West,Product C,14.7,17,249.89999999999998
2024-12-31,East,Product E,47.69,13,619.97
2025-01-01,North,Product B,33.41,5,167.04999999999998
2025-01-02,North,Product A,75.77,9,681.93
2025-01-03,West,Product D,98.32,6,589.92
2025-01-04,South,Product D,33.09,5,165.45000000000002
2025-01-05,East,Product C,68.88,10,688.8
2025-01-06,West,Product D,27.83,8,222.64
2025-01-07,North,Product E,60.88,7,426.16
2025-01-08,North,Product E,51.75,7,362.25
2025-01-09,West,Product C,97.48,6,584.88
2025-01-10,East,Product E,64.77,3,194.31
2025-01-11,South,Product B,41.46,19,787.74
2025-01-12,South,Product C,20.27,15,304.05
2025-01-13,North,Product B,23.61,4,94.44
2025-01-14,East,Product A,30.28,12,363.36
2025-01-15,South,Product B,32.59,6,195.54000000000002
2025-01-16,East,Product A,86.56,19,1644.64
2025-01-17,East,Product A,60.51,4,242.04
2025-01-18,North,Product B,57.11,15,856.65
2025-01-19,South,Product C,20.33,9,182.96999999999997
2025-01-20,West,Product E,87.41,5,437.04999999999995
2025-01-21,North,Product E,75.05,13,975.65
2025-01-22,South,Product A,16.09,18,289.62
2025-01-23,South,Product A,73.71,5,368.54999999999995
2025-01-24,South,Product C,58.92,16,942.72
2025-01-25,South,Product D,17.36,19,329.84
2025-01-26,South,Product B,51.25,14,717.5
2025-01-27,East,Product A,53.62,16,857.92
2025-01-28,North,Product E,24.92,15,373.8
2025-01-29,East,Product C,95.11,4,380.44
2025-01-30,West,Product B,86.5,7,605.5
2025-01-31,South,Product C,70.21,16,1123.36
2025-02-01,North,Product B,51.61,8,412.88
2025-02-02,South,Product B,47.06,17,800.02
2025-02-03,North,Product A,68.59,16,1097.44
2025-02-04,East,Product C,59.09,10,590.9000000000001
2025-02-05,North,Product C,15.6,10,156.0
2025-02-06,West,Product E,56.13,2,112.26
2025-02-07,West,Product E,82.58,9,743.22
2025-02-08,North,Product A,51.33,17,872.61
2025-02-09,North,Product A,14.68,11,161.48
2025-02-10,North,Product D,80.77,10,807.6999999999999
2025-02-11,North,Product E,28.12,17,478.04
2025-02-12,West,Product B,33.28,4,133.12
2025-02-13,South,Product C,24.82,16,397.12
2025-02-14,North,Product A,39.72,15,595.8
2025-02-15,North,Product C,78.11,5,390.55
2025-02-16,West,Product C,56.74,6,340.44
2025-02-17,West,Product D,28.44,17,483.48
2025-02-18,East,Product E,89.0,1,89.0
2025-02-19,North,Product A,89.16,19,1694.04
2025-02-20,East,Product C,88.35,4,353.4
2025-02-21,West,Product A,31.49,17,535.3299999999999
2025-02-22,West,Product B,50.61,9,455.49
2025-02-23,South,Product D,98.65,2,197.3
2025-02-24,North,Product B,79.48,8,635.84
2025-02-25,East,Product A,12.45,15,186.75
2025-02-26,West,Product A,15.87,7,111.08999999999999
2025-02-27,West,Product E,51.75,6,310.5
2025-02-28,East,Product C,91.83,1,91.83
2025-03-01,South,Product C,58.48,15,877.1999999999999
2025-03-02,West,Product B,54.8,7,383.59999999999997
2025-03-03,North,Product D,19.49,17,331.33
2025-03-04,West,Product C,69.11,2,138.22
2025-03-05,North,Product E,83.99,9,755.91
2025-03-06,East,Product B,44.24,9,398.16
2025-03-07,North,Product B,79.81,13,1037.53
2025-03-08,East,Product E,96.8,6,580.8
2025-03-09,North,Product D,28.34,6,170.04
2025-03-10,East,Product E,57.1,3,171.3
2025-03-11,North,Product D,35.84,17,609.2800000000001
2025-03-12,South,Product E,81.36,17,1383.12
2025-03-13,North,Product E,61.98,12,743.76
2025-03-14,North,Product A,67.11,16,1073.76
2025-03-15,South,Product B,81.81,15,1227.15
2025-03-16,West,Product E,45.64,13,593.32
2025-03-17,West,Product E,92.36,1,92.36
2025-03-18,North,Product C,57.97,17,985.49
2025-03-19,South,Product B,24.22,3,72.66
2025-03-20,North,Product C,72.63,15,1089.4499999999998
2025-03-21,East,Product B,81.39,4,325.56
2025-03-22,East,Product C,38.51,4,154.04
2025-03-23,North,Product E,87.15,18,1568.7
2025-03-24,West,Product E,91.55,17,1556.35
2025-03-25,West,Product A,34.92,19,663.48
2025-03-26,North,Product C,98.52,11,1083.72
2025-03-27,North,Product D,22.66,3,67.98
2025-03-28,East,Product A,28.18,8,225.44
2025-03-29,West,Product C,26.58,14,372.12
2025-03-30,North,Product C,90.46,1,90.46
2025-03-31,East,Product A,68.89,14,964.46
2025-04-01,West,Product E,23.69,2,47.38
2025-04-02,South,Product C,49.63,4,198.52
2025-04-03,East,Product E,65.38,19,1242.2199999999998
2025-04-04,West,Product A,17.51,6,105.06
2025-04-05,West,Product E,89.42,1,89.42
2025-04-06,East,Product B,82.32,17,1399.4399999999998
2025-04-07,South,Product D,55.47,8,443.76
2025-04-08,East,Product C,97.04,19,1843.7600000000002
2025-04-09,West,Product D,47.6,1,47.6
2025-04-10,North,Product E,98.57,5,492.84999999999997
2025-04-11,North,Product C,70.11,16,1121.76
2025-04-12,East,Product E,67.12,6,402.72
2025-04-13,West,Product B,24.94,8,199.52
2025-04-14,North,Product A,89.37,13,1161.81
2025-04-15,West,Product C,48.47,16,775.52
2025-04-16,East,Product B,24.6,3,73.80000000000001
2025-04-17,North,Product B,11.13,19,211.47000000000003
2025-04-18,West,Product C,60.38,12,724.5600000000001
2025-04-19,North,Product E,57.47,16,919.52
2025-04-20,East,Product B,74.74,11,822.14
2025-04-21,West,Product D,90.12,10,901.2
2025-04-22,North,Product B,17.15,4,68.6
2025-04-23,East,Product E,75.83,12,909.96
2025-04-24,North,Product E,26.87,2,53.74
2025-04-25,North,Product D,87.24,19,1657.56
2025-04-26,South,Product B,83.72,5,418.6
2025-04-27,South,Product E,58.67,8,469.36
2025-04-28,East,Product C,73.92,7,517.44
2025-04-29,South,Product A,38.29,14,536.06
2025-04-30,East,Product A,52.41,3,157.23
2025-05-01,South,Product A,83.95,18,1511.1000000000001
2025-05-02,North,Product B,51.33,16,821.28
2025-05-03,East,Product D,42.2,19,801.8000000000001
2025-05-04,East,Product E,54.48,19,1035.12
2025-05-05,North,Product C,84.54,18,1521.72
2025-05-06,East,Product C,40.17,16,642.72
2025-05-07,East,Product B,25.64,8,205.12
2025-05-08,South,Product A,74.08,1,74.08
2025-05-09,East,Product B,84.34,17,1433.78
2025-05-10,West,Product D,19.06,12,228.71999999999997
2025-05-11,North,Product D,31.59,11,347.49
2025-05-12,South,Product E,22.78,5,113.9
2025-05-13,South,Product E,41.31,12,495.72
2025-05-14,West,Product D,50.53,17,859.01
2025-05-15,North,Product D,77.39,6,464.34000000000003
2025-05-16,North,Product D,68.6,1,68.6
2025-05-17,South,Product B,65.88,5,329.4
2025-05-18,East,Product D,41.71,14,583.94
2025-05-19,South,Product C,85.73,5,428.65000000000003
2025-05-20,North,Product A,52.42,1,52.42
2025-05-21,West,Product D,98.12,18,1766.16
2025-05-22,South,Product A,67.07,16,1073.12
2025-05-23,North,Product B,21.36,9,192.24
2025-05-24,South,Product A,70.86,19,1346.34
2025-05-25,East,Product B,39.26,5,196.29999999999998
2025-05-26,South,Product C,71.77,2,143.54
2025-05-27,South,Product B,16.27,15,244.04999999999998
2025-05-28,North,Product B,25.74,7,180.17999999999998
2025-05-29,North,Product E,87.02,4,348.08
2025-05-30,North,Product D,30.45,1,30.45
2025-05-31,South,Product D,85.33,13,1109.29
2025-06-01,East,Product C,35.13,7,245.91000000000003
2025-06-02,West,Product C,67.86,15,1017.9
2025-06-03,West,Product D,72.47,14,1014.5799999999999
2025-06-04,North,Product E,56.14,19,1066.66
2025-06-05,North,Product D,37.48,18,674.64
2025-06-06,South,Product E,29.14,10,291.4
2025-06-07,West,Product C,12.99,9,116.91
2025-06-08,North,Product A,37.36,8,298.88
2025-06-09,East,Product C,68.78,10,687.8
2025-06-10,East,Product C,94.45,17,1605.65
2025-06-11,North,Product B,88.41,2,176.82
2025-06-12,North,Product B,78.95,6,473.70000000000005
2025-06-13,West,Product B,80.96,5,404.79999999999995
2025-06-14,West,Product B,69.85,9,628.65
2025-06-15,South,Product E,33.43,5,167.15
2025-06-16,West,Product D,91.65,18,1649.7
2025-06-17,East,Product A,70.37,9,633.33
2025-06-18,East,Product C,60.44,17,1027.48
2025-06-19,North,Product E,19.99,17,339.83
2025-06-20,West,Product A,50.23,12,602.76
2025-06-21,South,Product E,51.43,7,360.01
2025-06-22,East,Product E,87.81,3,263.43
2025-06-23,East,Product C,59.2,10,592.0
2025-06-24,South,Product D,44.24,2,88.48
2025-06-25,South,Product B,97.91,3,293.73
2025-06-26,East,Product D,19.96,16,319.36
2025-06-27,East,Product C,48.03,2,96.06
2025-06-28,South,Product C,13.78,10,137.79999999999998
2025-06-29,East,Product C,76.59,6,459.54
2025-06-30,North,Product A,92.63,11,1018.93
2025-07-01,North,Product D,35.2,7,246.40000000000003
2025-07-02,South,Product D,87.25,15,1308.75
2025-07-03,West,Product E,36.3,6,217.79999999999998
2025-07-04,South,Product E,91.97,9,827.73
2025-07-05,South,Product E,77.86,12,934.3199999999999
2025-07-06,West,Product C,82.44,19,1566.36
2025-07-07,West,Product D,11.62,3,34.86
2025-07-08,West,Product C,96.65,15,1449.75
2025-07-09,North,Product A,75.4,2,150.8
2025-07-10,East,Product E,37.43,2,74.86
2025-07-11,North,Product C,84.65,3,253.95000000000002
2025-07-12,East,Product C,35.34,6,212.04000000000002
2025-07-13,North,Product A,88.55,15,1328.25
2025-07-14,East,Product B,20.13,10,201.29999999999998
2025-07-15,North,Product D,73.33,9,659.97
2025-07-16,West,Product B,58.66,1,58.66
2025-07-17,South,Product E,18.69,16,299.04
2025-07-18,North,Product C,31.77,6,190.62
2025-07-19,East,Product A,11.12,9,100.08
2025-07-20,West,Product A,52.19,4,208.76
2025-07-21,North,Product D,37.11,2,74.22
2025-07-22,North,Product B,63.85,4,255.4
2025-07-23,West,Product D,36.75,1,36.75
2025-07-24,North,Product C,36.99,19,702.8100000000001
2025-07-25,South,Product D,76.89,10,768.9
2025-07-26,North,Product A,14.33,15,214.95
2025-07-27,South,Product A,91.26,19,1733.94
2025-07-28,South,Product E,86.7,16,1387.2
2025-07-29,West,Product E,70.1,4,280.4
2025-07-30,North,Product C,63.39,2,126.78
2025-07-31,West,Product B,90.31,13,1174.03
2025-08-01,North,Product D,26.68,1,26.68
2025-08-02,North,Product C,17.11,17,290.87
2025-08-03,East,Product E,31.56,13,410.28
2025-08-04,North,Product D,81.51,4,326.04
2025-08-05,West,Product E,13.12,7,91.83999999999999
2025-08-06,South,Product D,62.45,17,1061.65
2025-08-07,North,Product B,99.59,9,896.3100000000001
2025-08-08,East,Product C,87.01,4,348.04
2025-08-09,West,Product D,56.93,19,1081.67
2025-08-10,North,Product A,15.73,1,15.73
2025-08-11,West,Product A,84.82,10,848.1999999999999
2025-08-12,East,Product D,63.91,4,255.64
2025-08-13,East,Product D,20.34,9,183.06
2025-08-14,West,Product D,18.45,13,239.85
2025-08-15,North,Product A,91.87,14,1286.18
2025-08-16,South,Product A,70.23,10,702.3000000000001
2025-08-17,East,Product D,84.64,6,507.84000000000003
2025-08-18,North,Product E,89.11,16,1425.76
2025-08-19,North,Product E,61.46,6,368.76
2025-08-20,South,Product B,56.57,17,961.69
2025-08-21,East,Product C,48.74,10,487.40000000000003
2025-08-22,East,Product E,38.53,18,693.54
2025-08-23,North,Product A,49.11,18,883.98
2025-08-24,North,Product E,79.65,3,238.95000000000002
2025-08-25,South,Product B,64.17,15,962.5500000000001
2025-08-26,South,Product B,90.33,15,1354.95
2025-08-27,East,Product C,49.9,4,199.6
2025-08-28,West,Product E,64.64,9,581.76
2025-08-29,East,Product A,66.82,19,1269.58
2025-08-30,North,Product A,63.25,17,1075.25
2025-08-31,East,Product D,73.24,11,805.64
2025-09-01,West,Product A,31.37,9,282.33
2025-09-02,South,Product C,56.11,10,561.1
2025-09-03,West,Product C,19.38,18,348.84
2025-09-04,West,Product A,44.61,13,579.93
2025-09-05,West,Product A,53.89,8,431.12
2025-09-06,South,Product D,68.7,7,480.90000000000003
2025-09-07,West,Product A,95.55,17,1624.35
2025-09-08,West,Product D,64.06,15,960.9000000000001
2025-09-09,West,Product D,76.92,15,1153.8
2025-09-10,North,Product A,55.56,1,55.56
2025-09-11,West,Product B,67.07,14,938.9799999999999
2025-09-12,South,Product B,16.38,5,81.89999999999999
2025-09-13,West,Product D,32.9,11,361.9
2025-09-14,West,Product A,42.57,16,681.12
2025-09-15,South,Product B,52.52,2,105.04
2025-09-16,West,Product A,14.11,8,112.88
2025-09-17,South,Product A,22.6,11,248.60000000000002
2025-09-18,West,Product A,34.91,18,628.3799999999999
2025-09-19,South,Product E,97.44,3,292.32
2025-09-20,West,Product A,39.82,1,39.82
2025-09-21,West,Product E,53.38,11,587.1800000000001
2025-09-22,North,Product D,27.65,16,442.4
2025-09-23,North,Product B,64.97,18,1169.46
2025-09-24,West,Product B,35.26,16,564.16
2025-09-25,West,Product B,28.63,10,286.3
2025-09-26,East,Product B,56.49,18,1016.82
